{
	"type": "PowerTurret",
	"name": "torre eletrica op",
	"description": "op e usa pouca energia",

	"size": 1,
	"health": 9999999,
	"reload": 0.5,
	"range": 99999,
	"inaccuracy": 0,
	"shots" : 1,
	
	"targetAir" : true, 
	"targetGround" : true,
	"shootCone" : 1,
	"spread" : 5,
	
	"recoil" : 0.01,
	"restitution" : 0.5, 
	"rotatespeed": 999,
	
	"shootSound" : "laser",
	"ammoUseEffect": "smelt",

    "powerUse" : 0.01,
	"hasPower" : true,
	"shootType" : {
		"type" : "BasicBulletType",
		"trailEffect" : "artilleryTrail",
		"speed": 99,
		"lifetime" : 9999,
		"damage": 999999,
		"bulletHeight" : 30,
		"hitEffect": "hitLaser",
		"shootEffect": "smelt",
		"pierce": true,
		"smokeEffect": "smelt",
		"frontColor": "#00b8ff"
	},
	"consumes": {
		"power": 0.1
	},
	"requirements": [],
	"category": "turret",
	"research": "graphite-press"
}