{
	"type": "ItemTurret",
	"name": "torre-aleatoria-op-demais",
	"description": "uma torre op demais",

	"size": 1,
	"health": 2147000000,
	"reload": 0.05,
	"range": 20000,
	"maxAmmo": 99999999,
	"lifetime": 99999999999999999,
	"inaccuracy": 0,
	"shots" : 1,

	"targetAir" : true, 
	"targetGround" : true, 

	"recoil" : 0.01,
	"restitution" : 0.8, 
	"rotatespeed": 9999,

	"buildCostMultiplier" : 0.2,

	"xRand" : 4,
	"ammoPerShot" : 1,

	"ammo": {
		"copper": {
			"type" : "BasicBulletType",
			"speed": 9999999,
			"damage": 999999999,
        "bulletSprite": a-random-not-finished-mod-ohno,
			"bulletHeight": 10,
			"bulletWidth" : 10,
			"splashDamageRadius" : 50,
			"splashDamage" : 99999999,
			"hitEffect": "blastExplosion",
			"shootEffect": "shellEjectSmall",
			"smokeEffect": "mineHuge",
			"homingPower": 0.5,
			"ammoMultiplier": 1
			}, 
	},
	"requirements": [],
	"category": "turret",

}